{
"lengthUnit": "mil",
"components": {
	"fields": ["COMPONENT_NO", "COMPONENT_NAME", "LAYER", "X_COORDINATE", "Y_COORDINATE", "ANGLE"],
	"rows": [
		[1, "C5", "T", 429.12, 320.12, 180],
		[2, "C6", "T", 357.12, 182.12, 270],
		[3, "C8", "T", 201.12, 182.12, 90],
		[4, "C9", "T", 200.12, 548.12, 90],
		[5, "C10", "T", 429.11, 264.12, 180],
		[6, "P1", "T", 55.12, 305.12, 270],
		[7, "P2", "T", 555.12, 305.12, 270],
		[8, "R2", "T", 401.12, 401.12, 90],
		[9, "R3", "T", 429.12, 482.12, 0],
		[10, "R4", "T", 409.12, 182.12, 270],
		[11, "R5", "T", 427.91, 577.12, 0],
		[12, "R6", "T", 453.12, 401.12, 90],
		[13, "R7", "T", 461.12, 182.12, 90],
		[14, "R8", "T", 305.12, 182.12, 270],
		[15, "R10", "T", 253.12, 182.12, 90],
		[16, "R12", "T", 148.12, 548.12, 270],
		[17, "R13", "T", 148.91, 182.12, 90],
		[18, "T1", "T", 412.91, 64.12, 180],
		[19, "U1", "T", 241.99, 358.06, 270],
		[20, "U2", "T", 295.91, 543.12, 0],
		[21, "PAD1", "T", 160.91, 44.12, 0],
		[22, "PAD1", "B", 160.91, 44.12, 0],
		[23, "PAD2", "B", 194.91, 483.12, 0],
		[24, "PAD3", "B", 294.95, 496.03, 0],
		[25, "PAD4", "B", 144.91, 260.12, 0]
	]
},
"pins": {
	"fields": ["PIN_NO", "PIN_NAME", "PIN_X", "PIN_Y", "LAYER", "PIN_TYPE", "NET_NAME", "NET_TYPE", "PAD_SHAPE", "PAD_SIZEX", "PAD_SIZEY", "HOLE_SIZE", "PAD_ANGLE"],
	"rows": [
		[1, "C5_1", 458.78, 320.12, "T", "SMD", "GND", "GND", "R", 31.75, 34.02, 0, 180],
		[2, "C5_2", 399.46, 320.12, "T", "SMD", "+5V", "", "R", 31.75, 34.02, 0, 180],
		[3, "C6_1", 357.12, 211.78, "T", "SMD", "AC_TEMP_SENSE_OUT", "", "R", 31.75, 34.02, 0, 270],
		[4, "C6_2", 357.12, 152.46, "T", "SMD", "$1N1868", "", "R", 31.75, 34.02, 0, 270],
		[5, "C8_1", 201.12, 152.46, "T", "SMD", "GND", "GND", "R", 31.75, 34.02, 0, 90],
		[6, "C8_2", 201.12, 211.78, "T", "SMD", "XRES", "", "R", 31.75, 34.02, 0, 90],
		[7, "C9_1", 200.12, 518.46, "T", "SMD", "GND", "GND", "R", 31.75, 34.02, 0, 90],
		[8, "C9_2", 200.12, 577.78, "T", "SMD", "LIN_OUT", "", "R", 31.75, 34.02, 0, 90],
		[9, "C10_1", 458.77, 264.12, "T", "SMD", "GND", "GND", "R", 31.75, 34.02, 0, 180],
		[10, "C10_2", 399.45, 264.12, "T", "SMD", "+5V", "", "R", 31.75, 34.02, 0, 180],
		[11, "P1_1", 55.12, 555.12, "T", "DIP", "LIN_OUT", "", "R", 70.87, 70.87, 35.43, 270],
		[12, "P1_1", 55.12, 555.12, "B", "DIP", "LIN_OUT", "", "R", 70.87, 70.87, 35.43, 270],
		[13, "P1_2", 55.12, 455.12, "T", "DIP", "P1.3", "", "C", 70.87, 70.87, 35.43, 270],
		[14, "P1_2", 55.12, 455.12, "B", "DIP", "P1.3", "", "C", 70.87, 70.87, 35.43, 270],
		[15, "P1_3", 55.12, 355.12, "T", "DIP", "PROG_SCL", "", "C", 70.87, 70.87, 35.43, 270],
		[16, "P1_3", 55.12, 355.12, "B", "DIP", "PROG_SCL", "", "C", 70.87, 70.87, 35.43, 270],
		[17, "P1_4", 55.12, 255.12, "T", "DIP", "PROG_SDA", "", "C", 70.87, 70.87, 35.43, 270],
		[18, "P1_4", 55.12, 255.12, "B", "DIP", "PROG_SDA", "", "C", 70.87, 70.87, 35.43, 270],
		[19, "P1_5", 55.12, 155.12, "T", "DIP", "+5V", "", "O", 70.87, 59.06, 35.43, 270],
		[20, "P1_5", 55.12, 155.12, "B", "DIP", "+5V", "", "O", 70.87, 59.06, 35.43, 270],
		[21, "P1_6", 55.12, 55.12, "T", "DIP", "GND", "GND", "C", 70.87, 70.87, 35.43, 270],
		[22, "P1_6", 55.12, 55.12, "B", "DIP", "GND", "GND", "C", 70.87, 70.87, 35.43, 270],
		[23, "P2_1", 555.12, 555.12, "T", "DIP", "LSU_VGND", "", "R", 70.87, 70.87, 35.43, 270],
		[24, "P2_1", 555.12, 555.12, "B", "DIP", "LSU_VGND", "", "R", 70.87, 70.87, 35.43, 270],
		[25, "P2_2", 555.12, 455.12, "T", "DIP", "LSU_IP", "", "C", 70.87, 70.87, 35.43, 270],
		[26, "P2_2", 555.12, 455.12, "B", "DIP", "LSU_IP", "", "C", 70.87, 70.87, 35.43, 270],
		[27, "P2_3", 555.12, 355.12, "T", "DIP", "LSU_IA", "", "C", 70.87, 70.87, 35.43, 270],
		[28, "P2_3", 555.12, 355.12, "B", "DIP", "LSU_IA", "", "C", 70.87, 70.87, 35.43, 270],
		[29, "P2_4", 555.12, 255.12, "T", "DIP", "LSU_NEMREST", "", "C", 70.87, 70.87, 35.43, 270],
		[30, "P2_4", 555.12, 255.12, "B", "DIP", "LSU_NEMREST", "", "C", 70.87, 70.87, 35.43, 270],
		[31, "P2_5", 555.12, 155.12, "T", "DIP", "LSU_HEATER-", "", "C", 70.87, 70.87, 35.43, 270],
		[32, "P2_5", 555.12, 155.12, "B", "DIP", "LSU_HEATER-", "", "C", 70.87, 70.87, 35.43, 270],
		[33, "P2_6", 555.12, 55.12, "T", "DIP", "GND", "GND", "C", 70.87, 70.87, 35.43, 270],
		[34, "P2_6", 555.12, 55.12, "B", "DIP", "GND", "GND", "C", 70.87, 70.87, 35.43, 270],
		[35, "R2_1", 401.12, 371.46, "T", "SMD", "APE_ADC", "", "R", 31.75, 34.02, 0, 90],
		[36, "R2_2", 401.12, 430.78, "T", "SMD", "LSU_IP", "", "R", 31.75, 34.02, 0, 90],
		[37, "R3_1", 399.46, 482.12, "T", "SMD", "LSU_IP", "", "R", 31.75, 34.02, 0, 0],
		[38, "R3_2", 458.78, 482.12, "T", "SMD", "LSU_IA", "", "R", 31.75, 34.02, 0, 0],
		[39, "R4_1", 409.12, 211.78, "T", "SMD", "$1N1868", "", "R", 31.75, 34.02, 0, 270],
		[40, "R4_2", 409.12, 152.46, "T", "SMD", "LSU_NEMREST", "", "R", 31.75, 34.02, 0, 270],
		[41, "R5_1", 398.25, 577.12, "T", "SMD", "INSAMP_VREF", "", "R", 31.75, 34.02, 0, 0],
		[42, "R5_2", 457.57, 577.12, "T", "SMD", "+5V", "", "R", 31.75, 34.02, 0, 0],
		[43, "R6_1", 453.12, 371.46, "T", "SMD", "RT_ADC", "", "R", 31.75, 34.02, 0, 90],
		[44, "R6_2", 453.12, 430.78, "T", "SMD", "LSU_IA", "", "R", 31.75, 34.02, 0, 90],
		[45, "R7_1", 461.12, 152.46, "T", "SMD", "LSU_NEMREST", "", "R", 31.75, 34.02, 0, 90],
		[46, "R7_2", 461.12, 211.78, "T", "SMD", "+5V", "", "R", 31.75, 34.02, 0, 90],
		[47, "R8_1", 305.12, 211.78, "T", "SMD", "RE+_ADC", "", "R", 31.75, 34.02, 0, 270],
		[48, "R8_2", 305.12, 152.46, "T", "SMD", "LSU_NEMREST", "", "R", 31.75, 34.02, 0, 270],
		[49, "R10_1", 253.12, 152.46, "T", "SMD", "GND", "GND", "R", 31.75, 34.02, 0, 90],
		[50, "R10_2", 253.12, 211.78, "T", "SMD", "XRES", "", "R", 31.75, 34.02, 0, 90],
		[51, "R12_1", 148.12, 577.78, "T", "SMD", "LIN_OUT", "", "R", 31.75, 34.02, 0, 270],
		[52, "R12_2", 148.12, 518.46, "T", "SMD", "PWM_LIN_OUT", "", "R", 31.75, 34.02, 0, 270],
		[53, "R13_1", 148.91, 152.46, "T", "SMD", "$1N2259", "", "R", 31.75, 34.02, 0, 90],
		[54, "R13_2", 148.91, 211.78, "T", "SMD", "PWM_HEATER", "", "R", 31.75, 34.02, 0, 90],
		[55, "T1_1", 373.54, 101.52, "T", "SMD", "$1N2259", "", "R", 49.21, 27.56, 0, 180],
		[56, "T1_2", 373.54, 26.72, "T", "SMD", "GND", "GND", "R", 49.21, 27.56, 0, 180],
		[57, "T1_3", 452.28, 64.12, "T", "SMD", "LSU_HEATER-", "", "R", 49.21, 27.56, 0, 180],
		[58, "U1_1", 310.88, 456.48, "T", "SMD", "P2.7", "", "O", 31.5, 11.02, 0, 270],
		[59, "U1_2", 291.2, 456.48, "T", "SMD", "LCD_RS", "", "O", 31.5, 11.02, 0, 270],
		[60, "U1_3", 271.51, 456.48, "T", "SMD", "LCD_DB7", "", "O", 31.5, 11.02, 0, 270],
		[61, "U1_4", 251.83, 456.48, "T", "SMD", "LCD_DB5", "", "O", 31.5, 11.02, 0, 270],
		[62, "U1_5", 232.14, 456.48, "T", "SMD", "GND", "GND", "O", 31.5, 11.02, 0, 270],
		[63, "U1_6", 212.46, 456.48, "T", "SMD", "$1N323", "", "O", 31.5, 11.02, 0, 270],
		[64, "U1_7", 192.77, 456.48, "T", "SMD", "P1.7", "", "O", 31.5, 11.02, 0, 270],
		[65, "U1_8", 173.09, 456.48, "T", "SMD", "PWM_LIN_OUT", "", "O", 31.5, 11.02, 0, 270],
		[66, "U1_9", 143.56, 426.95, "T", "SMD", "U1_9", "", "O", 11.02, 31.5, 0, 270],
		[67, "U1_10", 143.56, 407.27, "T", "SMD", "P1.3", "", "O", 11.02, 31.5, 0, 270],
		[68, "U1_11", 143.56, 387.58, "T", "SMD", "PROG_SCL", "", "O", 11.02, 31.5, 0, 270],
		[69, "U1_12", 143.56, 367.9, "T", "SMD", "GND", "GND", "O", 11.02, 31.5, 0, 270],
		[70, "U1_13", 143.56, 348.21, "T", "SMD", "PROG_SDA", "", "O", 11.02, 31.5, 0, 270],
		[71, "U1_14", 143.56, 328.53, "T", "SMD", "CAL", "", "O", 11.02, 31.5, 0, 270],
		[72, "U1_15", 143.56, 308.84, "T", "SMD", "PWM_HEATER", "", "O", 11.02, 31.5, 0, 270],
		[73, "U1_16", 143.56, 289.16, "T", "SMD", "U1_16", "", "O", 11.02, 31.5, 0, 270],
		[74, "U1_17", 173.09, 259.63, "T", "SMD", "PWM_NB_OUT", "", "O", 31.5, 11.02, 0, 270],
		[75, "U1_18", 192.77, 259.63, "T", "SMD", "XRES", "", "O", 31.5, 11.02, 0, 270],
		[76, "U1_19", 212.46, 259.63, "T", "SMD", "LCD_DB4", "", "O", 31.5, 11.02, 0, 270],
		[77, "U1_20", 232.14, 259.63, "T", "SMD", "LCD_DB6", "", "O", 31.5, 11.02, 0, 270],
		[78, "U1_21", 251.83, 259.63, "T", "SMD", "LCD_E", "", "O", 31.5, 11.02, 0, 270],
		[79, "U1_22", 271.51, 259.63, "T", "SMD", "LCD_RW", "", "O", 31.5, 11.02, 0, 270],
		[80, "U1_23", 291.2, 259.63, "T", "SMD", "RE+_ADC", "", "O", 31.5, 11.02, 0, 270],
		[81, "U1_24", 310.88, 259.63, "T", "SMD", "AC_TEMP_SENSE_OUT", "", "O", 31.5, 11.02, 0, 270],
		[82, "U1_25", 340.41, 289.16, "T", "SMD", "U1_25", "", "O", 11.02, 31.5, 0, 270],
		[83, "U1_26", 340.41, 308.84, "T", "SMD", "P0.4", "", "O", 11.02, 31.5, 0, 270],
		[84, "U1_27", 340.41, 328.53, "T", "SMD", "RT_ADC", "", "O", 11.02, 31.5, 0, 270],
		[85, "U1_28", 340.41, 348.21, "T", "SMD", "+5V", "", "O", 11.02, 31.5, 0, 270],
		[86, "U1_29", 340.41, 367.9, "T", "SMD", "APE_ADC", "", "O", 11.02, 31.5, 0, 270],
		[87, "U1_30", 340.41, 387.58, "T", "SMD", "LSU_IA", "", "O", 11.02, 31.5, 0, 270],
		[88, "U1_31", 340.41, 407.27, "T", "SMD", "LSU_VGND", "", "O", 11.02, 31.5, 0, 270],
		[89, "U1_32", 340.41, 426.95, "T", "SMD", "INSAMP_VREF", "", "O", 11.02, 31.5, 0, 270],
		[90, "U1_33", 241.99, 358.06, "T", "SMD", "GND", "GND", "R", 137.79, 137.79, 0, 270],
		[91, "U2_1", 335.28, 505.72, "T", "SMD", "INSAMP_VREF", "", "R", 49.21, 27.56, 0, 0],
		[92, "U2_2", 335.28, 580.52, "T", "SMD", "INSAMP_VREF", "", "R", 49.21, 27.56, 0, 0],
		[93, "U2_3", 256.54, 543.12, "T", "SMD", "GND", "GND", "R", 49.21, 27.56, 0, 0],
		[94, "PAD1_1", 160.91, 44.12, "T", "DIP", "XRES", "", "C", 59.06, 59.06, 35.43, 270],
		[95, "PAD1_1", 160.91, 44.12, "B", "DIP", "XRES", "", "C", 59.06, 59.06, 35.43, 270],
		[96, "PAD2_1", 194.91, 483.12, "B", "SMD", "P1.7", "", "C", 59.06, 59.06, 0, 0],
		[97, "PAD3_1", 294.95, 496.03, "B", "SMD", "P2.7", "", "C", 59.06, 59.06, 0, 0],
		[98, "PAD4_1", 144.91, 260.12, "B", "SMD", "PWM_NB_OUT", "", "C", 59.06, 59.06, 0, 0]
	]
}
}